[{
        "id": "1",
        "name": "[CHÍNH HÃNG VIBEFREE] Áo thun LIAM Cotton cao cấp",
        "info": "Đã dùng Shopee Xu để thanh toán",
        "date": "00:03 04-04-2021",
        "coin" : "+4.100",
        "type": 1
      
    },
    {
        "id": "2",
        "name": "[CHÍNH HÃNG VIBEFREE] Áo thun VIBE FREE LOGO unisex 100% Cotton cao cấp",
        "info": "Đã dùng Shopee Xu để thanh toán",
        "date": "00:03 04-04-2022",
        "coin" : "+2.100",
        "type": 1
    },
    {
        "id": "3",
        "name": "Quần sooc đũi nam NPV chất đũi mềm mát, quần short thể thao chuẩn form cạp chun dây rút",
        "info": "Shopee tặng xu cho đơn hàng hoàn thành",
        "date": "18:24 22-03-2022",
        "coin" : "-4.100",
        "type": 2
    },
    {
        "id": "4",
        "name": "Quần Tây Baggy màu BE/TRẮNG/ĐEN form nam nữ unisex /FREESHIP 99K",
        "info": "Đã dùng Shopee Xu để thanh toán",
        "date": "00:04 15-03-2022" ,
        "coin" : "+400",
        "type": 1
    },
    {
        "id": "5",
        "name": "Sản Phẩm QUẦN SHORT VẢI NHUNG TĂM DÀY DẶN UNISEX - LIAMSTUDIO",
        "info": "Shopee tặng xu cho đơn hàng hoàn thành",
        "date": "18:00 07-03-2022",
        "coin" : "-800",
        "type": 2
    },
    {
        "id": "6",
        "name": "Đồng hồ nam, nữ Tráng gương LED cảm ứng cao cấp, dây thép sang trọng cho giới trẻ",
        "info": "Đã dùng Shopee Xu để thanh toán",
        "date": "21:05 10-02-2022",
        "coin" : "+4.000",
        "type": 1
    },
    {
        "id": "7",
        "name": "Thắt lưng vải dù màu trơn thời trang cho nam",
        "info": "Shopee tặng xu cho đơn hàng hoàn thành",
        "date": "19:52 07-02-2022",
        "coin" : "-2.400",
        "type": 2
    },
    {
        "id": "8",
        "name": "Cáp Sạc Nhanh Lightning/Type-C/Micro VIVAN BTK-L/BTK-M/BTK-C 1m cho iOS/Android",
        "info": "Đã dùng Shopee Xu để thanh toán",
        "date": "14:23 15-09-2021"  ,
        "coin" : "+800",
        "type": 1
    },
    {
        "id": "9",
        "name": "Sản Phẩm [Mã SKAMCLU7 giảm 10% tối đa 50K đơn 0Đ] ÁO THUN TRƠN OVERSIZE TEE UNISEX",
        "info": "Shopee tặng xu cho đơn hàng hoàn thành",
        "date": "14:23 15-09-2021"  ,
        "coin" : "-800",
        "type": 2
    },
    {
        "id": "10",
        "name": "Bộ Mặc Nhà Thể Thao Nam Mùa Hè Phong Cách Cao Cấp Zero",
        "info": "Đã dùng Shopee Xu để thanh toán",
        "date": "14:23 15-09-2021"  ,
        "coin" : "+1.800",
        "type": 1
    }
]