[
    {
        "id": 1,
        "title": "Combo Ly Giữ Nhiệt Tặng Kèm Ống Hút Inox + Túi giữ Nhiệt + Nắp Chống Tràn + Cọ Rửa",
        "Classify": "Ly Ngẫu Nhiên",
        "Amonut": 2,
        "Price": 69,
        "Image": "https://cf.shopee.vn/file/bc23b0ca6e6a07f356acc1175749b5d2",
        "date_order": "14-06-2022",
        "date_ship":"30-07-2022",
        "Status": "Đã giao",
        "type": 4
    },
    {
        "id": 2,
        "title": "Đầm maxi mày xanh lá",
        "Classify": "Váy đi biển",
        "Amonut": 1,
        "Price": 125,
        "Image": "https://cf.shopee.vn/file/5216532df3249b99353bb0d854cbf6d8",
        "date_order": "14-06-2022",
        "date_ship":"30-07-2022",
        "Status": "Đã giao",
        "type": 4
    },
    {
        "id": 3,
        "title": "Quần short nam nữ",
        "Classify": "Quần short",
        "Amonut": 1,
        "Price": 90,
        "Image": "https://cf.shopee.vn/file/56ae2913f1b04bd0cae5592937c462cc",
        "date_order": "14-06-2022",
        "date_ship":"30-07-2022",
        "Status": "Đang giao",
        "type": 3
    },
    {
        "id": 4,
        "title": "Vest nam cao cấp",
        "Classify": "Vest",
        "Amonut": 2,
        "Price": 800,
        "Image": "https://cf.shopee.vn/file/c8bc592d0b02d2308b14028a6a9113bf_tn",
        "date_order": "14-06-2022",
        "date_ship":"30-07-2022",
        "Status": "Đang giao",
        "type": 3
    },
    {
        "id": 5,
        "title": "Balo Lap Top",
        "Classify": "Balo",
        "Amonut": 3,
        "Price": 40,
        "Image": "https://cf.shopee.vn/file/5487e5b074ab0a69ec055e4bda7cd4ba_tn",
        "date_order": "14-06-2022",
        "date_ship":"30-07-2022",
        "Status": "Đã hủy",
        "type": 5
    },
    {
        "id": 6,
        "title": "Chuột chơi game",
        "Classify": "Điện Tử",
        "Amonut": 2,
        "Price": 500,
        "Image": "https://cf.shopee.vn/file/117096db81aeb43d01aad4d07f5f7a6b",
        "date_order": "14-06-2022",
        "date_ship":"30-07-2022",
        "Status": "Đã hủy",
        "type": 5
    }
    ]