[{
        "id": "1",
        "name": "Đánh giá sản phẩm",
        "info": "navistore đã đánh giá đơn hàng 2206066PH149S. Vui lòng đánh giá sản phẩm này trước ngày 12-07-2022",
        "date": "10:24 24-06-2022",
        "btn": "Xem chi tiết"
        
      
    },
    {
        "id": "2",
        "name": "Chia sẻ nhận xét về sản phẩm",
        "info": "Đơn hàng 220404NC1PJBNM đã hoàn thành. Bạn hãy đánh giá sản phẩm trước ngày 28-05-2022 để nhận 200 xu và giúp người dùng khác hiểu hơn về sản phẩm nhé !",
        "date": "08:21 28-04-2022",
        "btn": "Đánh giá sản phẩm"
        
    },
    {
        "id": "3",
        "name": "Giao kiện hàng thành công",
        "info": "Kiện hàng SPXVN022980505805 của đơn hàng 220505C35MEC1F đã giao thành công đến bạn.",
        "date": "14:56 07-05-2022",
        "btn":"Xem chi tiết đơn hàng"
    },
    {
        "id": "4",
        "name": "Chia sẻ nhận xét về sản phẩm",
        "info": "Đơn hàng 2112120K6RQVNC đã hoàn thành. Bạn hãy đánh giá sản phẩm trước ngày 11-01-2022 để nhận 200 xu và giúp người dùng khác hiểu hơn về sản phẩm nhé !",
        "date": "08:21 27-12-2021",
        "btn": "Đánh giá sản phẩm"
    },
    {
        "id": "5",
        "name": "bạn có đơn hàng đang trên đường giao",
        "info": "Đơn hàng 2145820K6RQVNC đang được shipper giao tới trong khoảng 1-2 ngày nữa. Vui lòng bỏ qua thông báo này nếu bạn nhận được hàng nhé !",
        "date": "07:21 21-3-2021",
        "btn": "Xem chi tiết"
    }
]
    
  