[{
    "id": "1",
    "category" :"USB",
    "name": "Ổ đĩa flash USB 2.0 2TB Hp kim loại chống thấm nước 1",
    "oldPrice": "180.000",
    "newPrice": 200,
    "saled": "3,8",
    "origin": "Hà Nội",
    "saleOff": "20"
},
{
    "id": "2",
    "name": "Webcam Máy Tính-Latop-Có Mic Full HD-Camera",
    "oldPrice": "350.000",
    "newPrice": 400,
    "saled": "2,7",
    "origin": "Huế",
    "saleOff": "24"
},
{
    "id": "3",
    "category" :"USB",
    "name": "Ổ đĩa flash USB2.0 2TB Hp kim loại chống thấm nước 3",
    "oldPrice": "150.000",
    "newPrice": 180,
    "saled": "1,7",
    "origin": "Hà Nội",
    "saleOff": "20"
},
{
    "id": "4",
    "category" :"USB",
    "name": "Ổ đĩa flash USB2.0 2TB Hp kim loại chống thấm nước 4",
    "oldPrice": "350.000",
    "newPrice": 450,
    "saled": "2,7",
    "origin": "Hà Nội",
    "saleOff": "20"
},
{
    "id": "5",
    "name": "Jack BNC lò xo cho dây tín hiệu đồng trục camera",
    "oldPrice": "170.000",
    "newPrice": 210,
    "saled": "1,1",
    "origin": "Hà Nội",
    "saleOff": "30"
},
{
    "id": "6",
    "category" :"USB",
    "name": "Ổ đĩa flash USB2.0 2TB Hp kim loại chống thấm nước 6",
    "oldPrice": "160.000",
    "newPrice": 220,
    "saled": "2,3",
    "origin": "Hồ Chí Minh",
    "saleOff": "20"
},
{
    "id": "7",
    "category" :"USB",
    "name": "Ổ đĩa flash USB2.0 2TB Hp kim loại chống thấm nước 2",
    "oldPrice": "300.000",
    "newPrice": 250,
    "saled": "3,2",
    "origin": "Hồ Chí Minh",
    "saleOff": "30"
},
{
    "id": "8",
    "category" :"Loa",
    "name": "Loa máy tính để bàn,loa vi tính MC D - 221 SUPER BASS",
    "oldPrice": "270.000",
    "newPrice": 300,
    "saled": "1,2",
    "origin": "Hà Nội",
    "saleOff": "25"
},
{
    "id": "9",
    "category" :"USB",
    "name": "Ổ đĩa flash USB2.0 2TB Hp kim loại chống thấm nước 9",
    "oldPrice": "130.000",
    "newPrice": 170,
    "saled": "3,1",
    "origin": "Hồ Chí Minh",
    "saleOff": "20"
},
{
    "id": "10",
    "name": "Bàn Phím Gaming Có Led 7 Màu-Bàn Phím G21 Kèm Chuột-Lót Chuột",
    "oldPrice": "195.000",
    "newPrice": 230,
    "saled": "1,1",
    "origin": "Đà Nẵng",
    "saleOff": "15"
},
{
    "id": "11",
    "category" :"USB",
    "name": "Ổ đĩa flash USB2.0 2TB Hp kim loại chống thấm nước 12",
    "oldPrice": "110.000",
    "newPrice": 130,
    "saled": "5,2",
    "origin": "Hà Nội",
    "saleOff": "20"
},
{
    "id": "12",
    "name": "CHUỘT KHÔNG DÂY T- WOLF Q13 CHUỘT GAMING",
    "oldPrice": "135.000",
    "newPrice": 170,
    "saled": "3,1",
    "origin": "Hồ Chí Minh",
    "saleOff": "49"
},
{
    "id": "13",
    "category" :"USB",
    "name": "Ổ đĩa flash USB2.0 2TB Hp kim loại chống thấm nước 13",
    "oldPrice": "250.000",
    "newPrice": 210,
    "saled": "3,8",
    "origin": "Hà Nội",
    "saleOff": "20"
},
{
    "id": "14",
    "category" :"USB",
    "name": "Ổ đĩa flash USB2.0 2TB Hp kim loại chống thấm nước 14",
    "oldPrice": "310.000",
    "newPrice": 330,
    "saled": "1,9",
    "origin": "Hà Nội",
    "saleOff": "20"
},
{
    "id": "15",
    "category" :"USB",
    "name": "Ổ đĩa flash USB2.0 2TB Hp kim loại chống thấm nước 15",
    "oldPrice": "95.000",
    "newPrice": 110,
    "saled": "7,1",
    "origin": "Đà Nẵng",
    "saleOff": "20"
},
{
    "id": "16",
    "category" :"USB",
    "name": "Ổ đĩa flash USB2.0 2TB Hp kim loại chống thấm nước 16",
    "oldPrice": "150.000",
    "newPrice": 170,
    "saled": "2,7",
    "origin": "Hà Nội",
    "saleOff": "20"
},
{
    "id": "17",
    "category" :"USB",
    "name": "Ổ đĩa flash USB2.0 2TB Hp kim loại chống thấm nước 5",
    "oldPrice": "270.000",
    "newPrice": 300,
    "saled": "1,2",
    "origin": "Hồ Chí Minh",
    "saleOff": "20"
},
{
    "id": "18",
    "name": "Pin TCbest AA và AAA cho chuột không dây và điều khiển giao ngẫu nhiên",
    "oldPrice": "50.000",
    "newPrice": 70,
    "saled": "5,6",
    "origin": "Hà Nội",
    "saleOff": "10"
},
{
    "id": "19",
    "name": "Màn Hình Máy Tính 24 inch/19inch AOC,Màn Hình 75HZ Full HD 1920*1080",
    "oldPrice": "2.100.000",
    "newPrice": 350,
    "saled": "1,1",
    "origin": "Lào Cài",
    "saleOff": "36"
},
{
    "id": "20",
    "category" :"USB",
    "name": "Ổ đĩa flash USB2.0 2TB Hp kim loại chống thấm nước 7",
    "oldPrice": "195.000",
    "newPrice": 250,
    "saled": "1,1",
    "origin": "Hà Nội",
    "saleOff": "20"
},
{
    "id": "21",
    "category" :"USB",
    "name": "Ổ đĩa flash USB2.0 2TB Hp kim loại chống thấm nước 8",
    "oldPrice": "360.000",
    "newPrice": 420,
    "saled": "1,9",
    "origin": "Hà Nội",
    "saleOff": "20"
},
{
    "id": "22",
    "category" :"Loa",
    "name": "Loa SIÊU TRẦM (SUB BASS): 8W, cường độ âm thanh >80dB",
    "oldPrice": "160.000",
    "newPrice": 185,
    "saled": "2,3",
    "origin": "Hà Nội",
    "saleOff": "23"
},
{
    "id": "23",
    "category" :"USB",
    "name": "Ổ đĩa flash USB2.0 2TB Hp kim loại chống thấm nước 10",
    "oldPrice": "180.000",
    "newPrice": 260,
    "saled": "3,8",
    "origin": "Đà Nẵng",
    "saleOff": "20"
},
{
    "id": "24",
    "category" :"Tai nghe và bàn phím",
    "name": "Bàn phím Gaming, Keyboard T-WOLF TF20 Led 7 màu ",
    "oldPrice": "360.000",
    "newPrice": 400,
    "saled": "1,9",
    "origin": "Hà Nội",
    "saleOff": "20"
},
{
    "id": "25",
    "category" :"USB",
    "name": "Ổ đĩa flash USB2.0 2TB Hp kim loại chống thấm nước 11",
    "oldPrice": "170.000",
    "newPrice": 195,
    "saled": "1,2",
    "origin": "Hà Nội",
    "saleOff": "20"
},
{
    "id": "26",
    "name": "Thiết bị hội nghị truyền hình DQN C620 Webcam",
    "oldPrice": "580.000",
    "newPrice": 425,
    "saled": "3,8",
    "origin": "Đà Nẵng",
    "saleOff": "22"
},
{
    "id": "27",
    "name": "Camera Hội Nghị OneKing Chính Hãng",
    "oldPrice": "560.000",
    "newPrice": 450,
    "saled": "1,2",
    "origin": "Quảng Ngãi",
    "saleOff": "20"
},
{
    "id": "28",
    "name": "Hệ thống phân phối điện tử lạnh",
    "oldPrice": "770.000",
    "newPrice": 350,
    "saled": "1,4",
    "origin": "Hà Nội",
    "saleOff": "13"
},
{
    "id": "29",
    "category" :"USB",
    "name": "Ổ đĩa flash USB2.0 2TB Hp kim loại chống thấm nước 5",
    "oldPrice": "270.000",
    "newPrice": 300,
    "saled": "1,2",
    "origin": "Hồ Chí Minh",
    "saleOff": "20"
},
{
    "id": "30",
    "category" :"USB",
    "name": "Ổ đĩa flash USB2.0 2TB Hp kim loại chống thấm nước 8",
    "oldPrice": "360.000",
    "newPrice": 420,
    "saled": "1,9",
    "origin": "Hà Nội",
    "saleOff": "20"
},
{
    "id": "31",
    "name": "Nồi Cơm Điện Hiệu Suất Cao",
    "oldPrice": "380.000",
    "newPrice": 230,
    "saled": "1,2",
    "origin": "Hà Nội",
    "saleOff": "24"
},
{
    "id": "32",
    "category" :"USB",
    "name": "USB Apacer AH326-16G giá rẻ, giao ngay",
    "oldPrice": "350.000",
    "newPrice": 260,
    "saled": "3,2",
    "origin": "Ninh Thuận",
    "saleOff": "10"
},
{
    "id": "33",
    "category" :"USB",
    "name": "USB Corsair Voyager USB 3.0 Flash Drive 32GB CMFVY3A-32GB",
    "oldPrice": "460.000",
    "newPrice": 400,
    "saled": "3,2",
    "origin": "Hà Nội",
    "saleOff": "20"
},
{
    "id": "34",
    "category" :"Sạc và dây cáp",
    "name": "Dây cáp giá rẻ Belkin 3.0",
    "oldPrice": "60.000",
    "newPrice": 50,
    "saled": "3,2",
    "origin": "Đà Lạt",
    "saleOff": "29"
},
{
    "id": "35",
    "name": "Quạt Sạc Comet tiện lợi nhỏ gọn",
    "oldPrice": "650.000",
    "newPrice": 120,
    "saled": "3,2",
    "origin": "Gia Lai",
    "saleOff": "28"
},
{
    "id": "36",
    "category" :"USB",
    "name": "Ổ đĩa flash USB2.0 2TB Hp kim loại chống thấm nước 1",
    "oldPrice": "180.000",
    "newPrice": 450,
    "saled": "3,8",
    "origin": "Hà Nội",
    "saleOff": "20"
},
{
    "id": "37",
    "name": "Khóa khách sạn - Khóa mật mã và khóa thẻ",
    "oldPrice": "550.000",
    "newPrice": 450,
    "saled": "3,8",
    "origin": "Tây Ninh",
    "saleOff": "40"
},
{
    "id": "38",
    "category" :"Sạc và dây cáp",
    "name": "Sạc nhanh Redmi 7A",
    "oldPrice": "60.000",
    "newPrice": 40,
    "saled": "3,8",
    "origin": "Huế",
    "saleOff": "40"
},
{
    "id": "39",
    "category" :"Tai nghe và bàn phím",
    "name": "Tai nghe có Micro chốc tiếng ồn",
    "oldPrice": "566.000",
    "newPrice": 405,
    "saled": "3,8",
    "origin": "Huế",
    "saleOff": "20"
},
{
    "id": "40",
    "name": "Máy quét mã vạch Godex G25565",
    "oldPrice": "526.000",
    "newPrice": 425,
    "saled": "3,8",
    "origin": "Hồ Chí Minh",
    "saleOff": "20"
},
{
    "id": "41",
    "name": "Đầu đọc thẻ nhớ Bixic 2 trong 1 thiết kế nhỏ gọn",
    "oldPrice": "56.000",
    "newPrice": 45,
    "saled": "3,8",
    "origin": "Hà Nội",
    "saleOff": "27"
},
{
    "id": "42",
    "category" :"Tai nghe và bàn phím",
    "name": "Tai nghe công nghệ Protech Computer",
    "oldPrice": "526.000",
    "newPrice": 425,
    "saled": "5,8",
    "origin": "Lâm Đồng",
    "saleOff": "10"
},
{
    "id": "43",
    "category" :"Loa",
    "name": "Loa Laptop Kisolni đen huyền bí",
    "oldPrice": "56.000",
    "newPrice": 42,
    "saled": "5,4",
    "origin": "Lâm Đồng",
    "saleOff": "10"
},
{
    "id": "44",
    "category" :"Sạc và dây cáp",
    "name": "Sạc tường nhanh chóng giá rẻ",
    "oldPrice": "54.000",
    "newPrice": 45,
    "saled": "5,0",
    "origin": "Lâm Đồng",
    "saleOff": "10"
},
{
    "id": "45",
    "category" :"USB",
    "name": "USB Apacer AH326-16G giá rẻ, giao ngay",
    "oldPrice": "56.000",
    "newPrice": 42,
    "saled": "5,4",
    "origin": "Lâm Đồng",
    "saleOff": "20"
},
{
    "id": "46",
    "category" :"Loa",
    "name": "Loa máy tính để bàn,loa vi tính MC D - 221 SUPER BASS",
    "oldPrice": "54.000",
    "newPrice": 45,
    "saled": "5,0",
    "origin": "Lâm Đồng",
    "saleOff": "10"
},
{
    "id": "47",
    "category" :"Loa",
    "name": "Loa thanh SAMSUNG đời mới",
    "oldPrice": "544.000",
    "newPrice": 445,
    "saled": "5,0",
    "origin": "Lâm Đồng",
    "saleOff": "10"
},
{
    "id": "48",
    "category" :"Loa",
    "name": "Loa máy tính để bàn,loa vi tính MC D - 221 SUPER BASS",
    "oldPrice": "544.000",
    "newPrice": 445,
    "saled": "5,0",
    "origin": "Lâm Đồng",
    "saleOff": "10"
},
{
    "id": "49",
    "category" :"Loa",
    "name": "Loa phát sáng để bàn,loa vi tính MC D - 221 SUPER BASS",
    "oldPrice": "554.000",
    "newPrice": 452,
    "saled": "5,0",
    "origin": "Đồng Nai",
    "saleOff": "10"
},
{
    "id": "50",
    "category" :"Loa",
    "name": "Loa hội nghị cao cấp giá rẻ đến bất ngờ",
    "oldPrice": "54.000",
    "newPrice": 42,
    "saled": "6,0",
    "origin": "Đồng Nai",
    "saleOff": "10"
},
{
    "id": "51",
    "category" :"USB",
    "name": "Ổ đĩa flash USB2.0 2TB Hp kim loại chống thấm nước 11",
    "oldPrice": "170.000",
    "newPrice": 195,
    "saled": "1,2",
    "origin": "Hà Nội",
    "saleOff": "20"
},
{
    "id": "52",
    "category" :"Tai nghe và bàn phím",
    "name": "Bàn phím Gaming, Keyboard T-WOLF TF20 Led 7 màu",
    "oldPrice": "360.000",
    "newPrice": 400,
    "saled": "1,9",
    "origin": "Hà Nội",
    "saleOff": "20"
},
{
    "id": "53",
    "category" :"USB",
    "name": "Ổ đĩa flash USB2.0 2TB Hp kim loại chống thấm nước 10",
    "oldPrice": "180.000",
    "newPrice": 360,
    "saled": "3,8",
    "origin": "Đà Nẵng",
    "saleOff": "20"
},
{
    "id": "54",
    "category" :"Loa",
    "name": "Loa SIÊU TRẦM (SUB BASS): 8W, cường độ âm thanh >80dB",
    "oldPrice": "160.000",
    "newPrice": 185,
    "saled": "2,3",
    "origin": "Hà Nội",
    "saleOff": "23"
},
{
    "id": "55",
    "category" :"USB",
    "name": "Ổ đĩa flash USB2.0 2TB Hp kim loại chống thấm nước 8",
    "oldPrice": "360.000",
    "newPrice": 200,
    "saled": "1,9",
    "origin": "Hà Nội",
    "saleOff": "20"
},
{
    "id": "56",
    "name": "Màn Hình Máy Tính 24 inch/19inch AOC,Màn Hình 75HZ Full HD 1920*1080",
    "oldPrice": "2.100.000",
    "newPrice": 300,
    "saled": "1,1",
    "origin": "Lào Cài",
    "saleOff": "36"
},
{
    "id": "57",
    "category" :"USB",
    "name": "Ổ đĩa flash USB2.0 2TB Hp kim loại chống thấm nước 7",
    "oldPrice": "195.000",
    "newPrice": 250,
    "saled": "1,1",
    "origin": "Hà Nội",
    "saleOff": "15"
},
{
    "id": "58",
    "name": "CHUỘT KHÔNG DÂY T- WOLF Q13 CHUỘT GAMING",
    "oldPrice": "135.000",
    "newPrice": 170,
    "saled": "3,1",
    "origin": "Hồ Chí Minh",
    "saleOff": "30"
},
{
    "id": "59",
    "category" :"USB",
    "name": "Ổ đĩa flash USB2.0 2TB Hp kim loại chống thấm nước 13",
    "oldPrice": "400.000",
    "newPrice": 210,
    "saled": "3,8",
    "origin": "Hà Nội",
    "saleOff": "20"
},
{
    "id": "60",
    "category" :"USB",
    "name": "Ổ đĩa flash USB2.0 2TB Hp kim loại chống thấm nước 14",
    "oldPrice": "310.000",
    "newPrice": 330,
    "saled": "1,9",
    "origin": "Hà Nội",
    "saleOff": "20"
},
{
    "id": "61",
    "category" :"USB",
    "name": "Ổ đĩa flash USB2.0 2TB Hp kim loại chống thấm nước 15",
    "oldPrice": "95.000",
    "newPrice": 110,
    "saled": "7,1",
    "origin": "Đà Nẵng",
    "saleOff": "20"
},
{
    "id": "62",
    "category" :"USB",
    "name": "Ổ đĩa flash USB2.0 2TB Hp kim loại chống thấm nước 16",
    "oldPrice": "150.000",
    "newPrice": 170,
    "saled": "2,7",
    "origin": "Hà Nội",
    "saleOff": "20"
},
{
    "id": "63",
    "category" :"USB",
    "name": "Ổ đĩa flash USB2.0 2TB Hp kim loại chống thấm nước 5",
    "oldPrice": "270.000",
    "newPrice": 300,
    "saled": "1,2",
    "origin": "Hồ Chí Minh",
    "saleOff": "20"
},
{
    "id": "64",
    "name": "Bình ác quy xe điện NEWMAX PRO",
    "oldPrice": "27.000",
    "newPrice": 30,
    "saled": "1,2",
    "origin": "Hồ Chí Minh",
    "saleOff": "21"
},
{
    "id": "65",
    "name": "Bộ sạc ác quy tự động APPOLO APPP152",
    "oldPrice": "27.000",
    "newPrice": 30,
    "saled": "1,2",
    "origin": "Hồ Chí Minh",
    "saleOff": "21"
},
{
    "id": "66",
    "name": "Mạch nạp STM-ARM Điện tử ",
    "oldPrice": "7.000",
    "newPrice": 90,
    "saled": "1,2",
    "origin": "Hồ Chí Minh",
    "saleOff": "21"
},
{
    "id": "67",
    "category" :"Sạc và dây cáp",
    "name": "Dây cáp HDMI Winet chuẩn 2.0",
    "oldPrice": "77.000",
    "newPrice": 35,
    "saled": "1,2",
    "origin": "Hồ Chí Minh",
    "saleOff": "21"
},
{
    "id": "68",
    "name": "Camera Hội Nghị OneKing Chính Hãng",
    "oldPrice": "77.000",
    "newPrice": 35,
    "saled": "1,2",
    "origin": "Hồ Chí Minh",
    "saleOff": "21"
},
{
    "id": "69",
    "category" :"Wifi",
    "name": "Camera ip Wifi không dây ngoài trời Yoossee",
    "oldPrice": "772.000",
    "newPrice": 325,
    "saled": "1,2",
    "origin": "Hồ Chí Minh",
    "saleOff": "21"
},
{
    "id": "70",
    "name": "Camera hành trình Vietmap ghi hình trước sau",
    "oldPrice": "672.000",
    "newPrice": 325,
    "saled": "1,2",
    "origin": "Hồ Chí Minh",
    "saleOff": "21"
},
{
    "id": "71",
    "name": "Dây sạc nhanh SAMSUNG chính hãng dài một mét",
    "oldPrice": "62.000",
    "newPrice": 25,
    "saled": "1,2",
    "origin": "Hồ Chí Minh",
    "saleOff": "21"
},
{
    "id": "72",
    "name": "Cáp sạc Lightning Iphone Ipad bọc dù có cáp dài 2m",
    "oldPrice": "82.000",
    "newPrice": 55,
    "saled": "1,2",
    "origin": "Hồ Chí Minh",
    "saleOff": "21"
},
{
    "id": "73",
    "category" :"Sạc và dây cáp",
    "name": "Sạc Laptop Dell 19.5V đầu kim lớn",
    "oldPrice": "75.000",
    "newPrice": 65,
    "saled": "1,2",
    "origin": "Hồ Chí Minh",
    "saleOff": "21"
},
{
    "id": "74",
    "name": "Đế sạc không dây siêu tốc SAMSUNG GALAXY NOTE 8 chính hãng",
    "oldPrice": "75.000",
    "newPrice": 65,
    "saled": "1,2",
    "origin": "Hồ Chí Minh",
    "saleOff": "21"
},
{
    "id": "75",
    "category" :"Sạc và dây cáp",
    "name": "Sạc pin dự phòng hoco sạc nhanh đảm bảo an toàn",
    "oldPrice": "75.000",
    "newPrice": 65,
    "saled": "1,2",
    "origin": "Hồ Chí Minh",
    "saleOff": "21"
},
{
    "id": "76",
    "category" :"Tai nghe và bàn phím",
    "name": "Tai nghe có Micro chống tiếng ồn",
    "oldPrice": "62.000",
    "newPrice": 25,
    "saled": "1,2",
    "origin": "Hồ Chí Minh",
    "saleOff": "21"
},
{
    "id": "77",
    "name": "Màn Hình Máy Tính 24 inch/19inch AOC,Màn Hình 75HZ Full HD 1920*1080",
    "oldPrice": "82.000",
    "newPrice": 55,
    "saled": "1,2",
    "origin": "Hồ Chí Minh",
    "saleOff": "21"
},
{
    "id": "78",
    "category" :"USB",
    "name": "USB Corsair Voyager USB 3.0 Flash Drive 32GB CMFVY3A-32GB",
    "oldPrice": "75.000",
    "newPrice": 65,
    "saled": "1,2",
    "origin": "Hồ Chí Minh",
    "saleOff": "21"
},
{
    "id": "79",
    "category" :"Sạc và dây cáp",
    "name": "Dây cáp HDMI Winet chuẩn 2.0",
    "oldPrice": "75.000",
    "newPrice": 65,
    "saled": "1,2",
    "origin": "Hồ Chí Minh",
    "saleOff": "21"
},
{
    "id": "80",
    "category" :"USB",
    "name": "USB Corsair Voyager USB 3.0 Flash Drive 32GB CMFVY3A-32GB",
    "oldPrice": "75.000",
    "newPrice": 65,
    "saled": "1,2",
    "origin": "Hồ Chí Minh",
    "saleOff": "21"
},
{
    "id": "81",
    "category" :"Wifi",
    "name": "Thiết bị Wifi tenda W307R",
    "oldPrice": "75.000",
    "newPrice": 65,
    "saled": "1,2",
    "origin": "Hồ Chí Minh",
    "saleOff": "21"
},
{
    "id": "82",
    "category" :"Wifi",
    "name": "Thiết mạng Router Wifi phát sóng ở diện tích lớn",
    "oldPrice": "725.000",
    "newPrice": 368,
    "saled": "1,2",
    "origin": "Hồ Chí Minh",
    "saleOff": "24"
},
{
    "id": "83",
    "category" :"USB",
    "name": "USB Corsair Voyager USB 3.0 Flash Drive 32GB CMFVY3A-32GB",
    "oldPrice": "380.000",
    "newPrice": 230,
    "saled": "1,2",
    "origin": "Hà Nội",
    "saleOff": "20"
},
{
    "id": "84",
    "category" :"Wifi",
    "name": "Camera ip Wifi không dây ngoài trời Yoossee",
    "oldPrice": "350.000",
    "newPrice": 260,
    "saled": "3,2",
    "origin": "Ninh Thuận",
    "saleOff": "10"
},
{
    "id": "85",
    "category" :"Wifi",
    "name": "Camera ip Wifi không dây ngoài trời Yoossee",
    "oldPrice": "460.000",
    "newPrice": 400,
    "saled": "3,2",
    "origin": "Hà Nội",
    "saleOff": "26"
},
{
    "id": "86",
    "name": "Camera Hội Nghị OneKing Chính Hãng",
    "oldPrice": "60.000",
    "newPrice": 50,
    "saled": "3,2",
    "origin": "Đà Lạt",
    "saleOff": "29"
},
{
    "id": "87",
    "category" :"USB",
    "name": "Ổ đĩa flash USB2.0 2TB Hp kim loại chống thấm nước 2",
    "oldPrice": "300.000",
    "newPrice": 250,
    "saled": "3,2",
    "origin": "Hồ Chí Minh",
    "saleOff": "30"
},
{
    "id": "88",
    "category" :"Loa",
    "name": "Loa máy tính để bàn,loa vi tính MC D - 221 SUPER BASS",
    "oldPrice": "270.000",
    "newPrice": 300,
    "saled": "1,2",
    "origin": "Hà Nội",
    "saleOff": "25"
},
{
    "id": "89",
    "category" :"USB",
    "name": "Ổ đĩa flash USB2.0 2TB Hp kim loại chống thấm nước 9",
    "oldPrice": "130.000",
    "newPrice": 170,
    "saled": "3,1",
    "origin": "Hồ Chí Minh",
    "saleOff": "38"
},
{
    "id": "90",
    "name": "Bàn Phím Gaming Có Led 7 Màu-Bàn Phím G21 Kèm Chuột-Lót Chuột",
    "oldPrice": "195.000",
    "newPrice": 230,
    "saled": "1,1",
    "origin": "Đà Nẵng",
    "saleOff": "15"
},
{
    "id": "91",
    "category" :"USB",
    "name": "Ổ đĩa flash USB2.0 2TB Hp kim loại chống thấm nước 12",
    "oldPrice": "110.000",
    "newPrice": 130,
    "saled": "5,2",
    "origin": "Hà Nội",
    "saleOff": "55"
},
{
    "id": "92",
    "name": "CHUỘT KHÔNG DÂY T- WOLF Q13 CHUỘT GAMING",
    "oldPrice": "135.000",
    "newPrice": 170,
    "saled": "3,1",
    "origin": "Hồ Chí Minh",
    "saleOff": "28"
},
{
    "id": "93",
    "category" :"USB",
    "name": "Ổ đĩa flash USB2.0 2TB Hp kim loại chống thấm nước 7",
    "oldPrice": "195.000",
    "newPrice": 250,
    "saled": "1,1",
    "origin": "Hà Nội",
    "saleOff": "15"
},
{
    "id": "94",
    "category" :"USB",
    "name": "Ổ đĩa flash USB2.0 2TB Hp kim loại chống thấm nước 8",
    "oldPrice": "360.000",
    "newPrice": 420,
    "saled": "1,9",
    "origin": "Hà Nội",
    "saleOff": "20"
},
{
    "id": "95",
    "category" :"Loa",
    "name": "Loa SIÊU TRẦM (SUB BASS): 8W, cường độ âm thanh >80dB",
    "oldPrice": "160.000",
    "newPrice": 185,
    "saled": "2,3",
    "origin": "Hà Nội",
    "saleOff": "23"
},
{
    "id": "96",
    "category" :"USB",
    "name": "Ổ đĩa flash USB2.0 2TB Hp kim loại chống thấm nước 10",
    "oldPrice": "180.000",
    "newPrice": 250,
    "saled": "3,8",
    "origin": "Đà Nẵng",
    "saleOff": "27"
},
{
    "id": "97",
    "category" :"Tai nghe và bàn phím",
    "name": "Bàn phím Gaming, Keyboard T-WOLF TF20 Led 7 màu ",
    "oldPrice": "360.000",
    "newPrice": 400,
    "saled": "1,9",
    "origin": "Hà Nội",
    "saleOff": "20"
},
{
    "id": "98",
    "name": "Thiết bị định vị cắm cổng trang bị 4G new",
    "oldPrice": "360.000",
    "newPrice": 400,
    "saled": "1,9",
    "origin": "Hà Nội",
    "saleOff": "20"
},
{
    "id": "99",
    "name": "Bộ Chia Mạng Switch 24 Cổng Linksys LGS124 Tốc Độ 10/100/1000Mbps",
    "oldPrice": "450.000",
    "newPrice": 400,
    "saled": "1,2",
    "origin": "Lào Cai",
    "saleOff": "20"
},
{
    "id": "100",
    "category" :"Wifi",
    "name": "Thiết bị thu phát sóng Wifi",
    "oldPrice": "450.000",
    "newPrice": 400,
    "saled": "1,2",
    "origin": "Lào Cai",
    "saleOff": "20"
},
{
    "id": "101",
    "category" :"USB",
    "name": "Ổ đĩa flash USB2.0 2TB Hp kim loại chống thấm nước 13",
    "oldPrice": "300.000",
    "newPrice": 210,
    "saled": "3,8",
    "origin": "Hà Nội",
    "saleOff": "42"
},
{
    "id": "102",
    "category" :"USB",
    "name": "Ổ đĩa flash USB2.0 2TB Hp kim loại chống thấm nước 14",
    "oldPrice": "310.000",
    "newPrice": 330,
    "saled": "1,9",
    "origin": "Hà Nội",
    "saleOff": "15"
},
{
    "id": "103",
    "category" :"USB",
    "name": "Ổ đĩa flash USB2.0 2TB Hp kim loại chống thấm nước 15",
    "oldPrice": "95.000",
    "newPrice": 110,
    "saled": "7,1",
    "origin": "Đà Nẵng",
    "saleOff": "30"
},
{
    "id": "104",
    "category" :"USB",
    "name": "Ổ đĩa flash USB2.0 2TB Hp kim loại chống thấm nước 16",
    "oldPrice": "150.000",
    "newPrice": 170,
    "saled": "2,7",
    "origin": "Hà Nội",
    "saleOff": "20"
},
{
    "id": "105",
    "category" :"USB",
    "name": "Ổ đĩa flash USB2.0 2TB Hp kim loại chống thấm nước 5",
    "oldPrice": "270.000",
    "newPrice": 300,
    "saled": "1,2",
    "origin": "Hồ Chí Minh",
    "saleOff": "21"
},
{
    "id": "106",
    "name": "Pin TCbest AA và AAA cho chuột không dây và điều khiển giao ngẫu nhiên",
    "oldPrice": "50.000",
    "newPrice": 70,
    "saled": "5,6",
    "origin": "Hà Nội",
    "saleOff": "10"
},
{
    "id": "107",
    "name": "Màn Hình Máy Tính 24 inch/19inch AOC,Màn Hình 75HZ Full HD 1920*1080",
    "oldPrice": "2.100.000",
    "newPrice": 495,
    "saled": "1,1",
    "origin": "Lào Cài",
    "saleOff": "36"
},
{
    "id": "108",
    "category" :"USB",
    "name": "Ổ đĩa flash USB2.0 2TB Hp kim loại chống thấm nước 7",
    "oldPrice": "195.000",
    "newPrice": 250,
    "saled": "1,1",
    "origin": "Hà Nội",
    "saleOff": "15"
},
{
    "id": "109",
    "category" :"USB",
    "name": "Ổ đĩa flash USB2.0 2TB Hp kim loại chống thấm nước 8",
    "oldPrice": "360.000",
    "newPrice": 420,
    "saled": "1,9",
    "origin": "Hà Nội",
    "saleOff": "20"
},
{
    "id": "110",
    "category" :"Loa",
    "name": "Loa SIÊU TRẦM (SUB BASS): 8W, cường độ âm thanh >80dB",
    "oldPrice": "160.000",
    "newPrice": 185,
    "saled": "2,3",
    "origin": "Hà Nội",
    "saleOff": "23"
},
{
    "id": "111",
    "category" :"USB",
    "name": "Ổ đĩa flash USB2.0 2TB Hp kim loại chống thấm nước 10",
    "oldPrice": "180.000",
    "newPrice": 320,
    "saled": "3,8",
    "origin": "Đà Nẵng",
    "saleOff": "27"
},
{
    "id": "112",
    "category" :"Tai nghe và bàn phím",
    "name": "Bàn phím Gaming, Keyboard T-WOLF TF20 Led 7 màu ",
    "oldPrice": "360.000",
    "newPrice": 400,
    "saled": "1,9",
    "origin": "Hà Nội",
    "saleOff": "20"
},
{
    "id": "113",
    "category" :"USB",
    "name": "Ổ đĩa flash USB2.0 2TB Hp kim loại chống thấm nước 11",
    "oldPrice": "170.000",
    "newPrice": 195,
    "saled": "1,2",
    "origin": "Hà Nội",
    "saleOff": "13"
},
{
    "id": "114",
    "name": "Thiết bị hội nghị truyền hình DQN C620 Webcam",
    "oldPrice": "580.000",
    "newPrice": 60,
    "saled": "3,8",
    "origin": "Đà Nẵng",
    "saleOff": "22"
},
{
    "id": "115",
    "name": "Camera Hội Nghị OneKing Chính Hãng",
    "oldPrice": "560.000",
    "newPrice": 450,
    "saled": "1,2",
    "origin": "Quảng Ngãi",
    "saleOff": "20"
},
{
    "id": "116",
    "name": "Hệ thống phân phối điện tử lạnh",
    "oldPrice": "770.000",
    "newPrice": 295,
    "saled": "1,4",
    "origin": "Hà Nội",
    "saleOff": "13"
},
{
    "id": "117",
    "category" :"USB",
    "name": "Ổ đĩa flash USB2.0 2TB Hp kim loại chống thấm nước 5",
    "oldPrice": "270.000",
    "newPrice": 300,
    "saled": "1,2",
    "origin": "Hồ Chí Minh",
    "saleOff": "21"
},
{
    "id": "118",
    "category" :"USB",
    "name": "Ổ đĩa flash USB2.0 2TB Hp kim loại chống thấm nước 8",
    "oldPrice": "360.000",
    "newPrice": 420,
    "saled": "1,9",
    "origin": "Hà Nội",
    "saleOff": "20"
},
{
    "id": "119",
    "name": "Nồi Cơm Điện Hiệu Suất Cao",
    "oldPrice": "380.000",
    "newPrice": 230,
    "saled": "1,2",
    "origin": "Hà Nội",
    "saleOff": "20"
},
{
    "id": "120",
    "category" :"USB",
    "name": "USB Apacer AH326-16G giá rẻ, giao ngay",
    "oldPrice": "350.000",
    "newPrice": 260,
    "saled": "3,2",
    "origin": "Ninh Thuận",
    "saleOff": "10"
},
{
    "id": "121",
    "category" :"USB",
    "name": "USB Corsair Voyager USB 3.0 Flash Drive 32GB CMFVY3A-32GB",
    "oldPrice": "460.000",
    "newPrice": 400,
    "saled": "3,2",
    "origin": "Hà Nội",
    "saleOff": "26"
},
{
    "id": "122",
    "category" :"Sạc và dây cáp",
    "name": "Dây cáp giá rẻ Belkin 3.0",
    "oldPrice": "60.000",
    "newPrice": 50,
    "saled": "3,2",
    "origin": "Đà Lạt",
    "saleOff": "29"
},
{
    "id": "123",
    "name": "Quạt Sạc Comet tiện lợi nhỏ gọn",
    "oldPrice": "650.000",
    "newPrice": 403,
    "saled": "3,2",
    "origin": "Gia Lai",
    "saleOff": "28"
},
{
    "id": "124",
    "category" :"USB",
    "name": "Ổ đĩa flash USB2.0 2TB Hp kim loại chống thấm nước 1",
    "oldPrice": "180.000",
    "newPrice": 380,
    "saled": "3,8",
    "origin": "Hà Nội",
    "saleOff": "40"
},
{
    "id": "125",
    "name": "Khóa khách sạn - Khóa mật mã và khóa thẻ",
    "oldPrice": "550.000",
    "newPrice": 450,
    "saled": "3,8",
    "origin": "Tây Ninh",
    "saleOff": "40"
},
{
    "id": "126",
    "category" :"Sạc và dây cáp",
    "name": "Sạc nhanh Redmi 7A",
    "oldPrice": "60.000",
    "newPrice": 40,
    "saled": "3,8",
    "origin": "Huế",
    "saleOff": "40"
},
{
    "id": "127",
    "category" :"Tai nghe và bàn phím",
    
    "name": "Tai nghe có Micro ",
    "oldPrice": "566.000",
    "newPrice": 405,
    "saled": "3,8",
    "origin": "Huế",
    "saleOff": "40"
},
{
    "id": "128",
    "name": "Máy quét mã vạch Godex G25565",
    "oldPrice": "526.000",
    "newPrice": 425,
    "saled": "3,8",
    "origin": "Hồ Chí Minh",
    "saleOff": "10"
},
{
    "id": "129",
    "name": "Đầu đọc thẻ nhớ Bixic 2 trong 1 thiết kế nhỏ gọn",
    "oldPrice": "56.000",
    "newPrice": 45,
    "saled": "3,8",
    "origin": "Hà Nội",
    "saleOff": "20"
},
{
    "id": "130",
    "category" :"Tai nghe và bàn phím",
    "name": "Tai nghe công nghệ Protech Computer",
    "oldPrice": "526.000",
    "newPrice": 425,
    "saled": "5,8",
    "origin": "Lâm Đồng",
    "saleOff": "10"
},
{
    "id": "131",
    "category" :"Loa",
    "name": "Loa Laptop Kisolni đen huyền bí",
    "oldPrice": "56.000",
    "newPrice": 42,
    "saled": "5,4",
    "origin": "Lâm Đồng",
    "saleOff": "10"
},
{
    "id": "132",
    "category" :"Sạc và dây cáp",
    "name": "Sạc tường nhanh chóng giá rẻ",
    "oldPrice": "54.000",
    "newPrice": 45,
    "saled": "5,0",
    "origin": "Lâm Đồng",
    "saleOff": "10"
},
{
    "id": "133",
    "category" :"USB",
    "name": "USB Apacer AH326-16G giá rẻ, giao ngay",
    "oldPrice": "56.000",
    "newPrice": 42,
    "saled": "5,4",
    "origin": "Lâm Đồng",
    "saleOff": "10"
},
{
    "id": "134",
    "category" :"Loa",
    "name": "Loa máy tính để bàn,loa vi tính MC D - 221 SUPER BASS",
    "oldPrice": "54.000",
    "newPrice": 45,
    "saled": "5,0",
    "origin": "Lâm Đồng",
    "saleOff": "10"
},
{
    "id": "135",
    "category" :"Loa",
    "name": "Loa thanh SAMSUNG đời mới",
    "oldPrice": "544.000",
    "newPrice": 325,
    "saled": "5,0",
    "origin": "Lâm Đồng",
    "saleOff": "10"
},
{
    "id": "136",
    "category" :"Loa",
    "name": "Loa máy tính để bàn,loa vi tính MC D - 221 SUPER BASS",
    "oldPrice": "544.000",
    "newPrice": 205,
    "saled": "5,0",
    "origin": "Lâm Đồng",
    "saleOff": "10"
},
{
    "id": "137",
    "category" :"Loa",
    "name": "Loa phát sáng để bàn,loa vi tính MC D - 221 SUPER BASS",
    "oldPrice": "554.000",
    "newPrice": 452,
    "saled": "5,0",
    "origin": "Đồng Nai",
    "saleOff": "10"
},
{
    "id": "138",
    "category" :"Loa",
    "name": "Loa hội nghị cao cấp giá rẻ đến bất ngờ",
    "oldPrice": "54.000",
    "newPrice": 42,
    "saled": "6,0",
    "origin": "Đồng Nai",
    "saleOff": "10"
},
{
    "id": "139",
    "category" :"USB",
    "name": "Ổ đĩa flash USB2.0 2TB Hp kim loại chống thấm nước 11",
    "oldPrice": "170.000",
    "newPrice": 195,
    "saled": "1,2",
    "origin": "Hà Nội",
    "saleOff": "13"
},
{
    "id": "140",
    "category" :"Tai nghe và bàn phím",
    "name": "Bàn phím Gaming, Keyboard T-WOLF TF20 Led 7 màu USB",
    "oldPrice": "360.000",
    "newPrice": 400,
    "saled": "1,9",
    "origin": "Hà Nội",
    "saleOff": "20"
},
{
    "id": "141",
    "category" :"USB",
    "name": "Ổ đĩa flash USB2.0 2TB Hp kim loại chống thấm nước 10",
    "oldPrice": "180.000",
    "newPrice": 100,
    "saled": "3,8",
    "origin": "Đà Nẵng",
    "saleOff": "27"
},
{
    "id": "142",
    "category" :"Loa",
    "name": "Loa SIÊU TRẦM (SUB BASS): 8W, cường độ âm thanh >80dB",
    "oldPrice": "160.000",
    "newPrice": 185,
    "saled": "2,3",
    "origin": "Hà Nội",
    "saleOff": "23"
},
{
    "id": "143",
    "category" :"USB",
    "name": "Ổ đĩa flash USB2.0 2TB Hp kim loại chống thấm nước 8",
    "oldPrice": "360.000",
    "newPrice": 420,
    "saled": "1,9",
    "origin": "Hà Nội",
    "saleOff": "20"
},
{
    "id": "144",
    "name": "Màn Hình Máy Tính 24 inch/19inch AOC,Màn Hình 75HZ Full HD 1920*1080",
    "oldPrice": "2.100.000",
    "newPrice": 40,
    "saled": "1,1",
    "origin": "Lào Cài",
    "saleOff": "36"
},
{
    "id": "145",
    "category" :"USB",
    "name": "Ổ đĩa flash USB2.0 2TB Hp kim loại chống thấm nước 7",
    "oldPrice": "195.000",
    "newPrice": 250,
    "saled": "1,1",
    "origin": "Hà Nội",
    "saleOff": "15"
},
{
    "id": "146",
    "name": "CHUỘT KHÔNG DÂY T- WOLF Q13 CHUỘT GAMING",
    "oldPrice": "135.000",
    "newPrice": 170,
    "saled": "3,1",
    "origin": "Hồ Chí Minh",
    "saleOff": "8"
},
{
    "id": "147",
    "category" :"USB",
    "name": "Ổ đĩa flash USB2.0 2TB Hp kim loại chống thấm nước 13",
    "oldPrice": "200.000",
    "newPrice": 210,
    "saled": "3,8",
    "origin": "Hà Nội",
    "saleOff": "42"
},
{
    "id": "148",
    "category" :"USB",
    "name": "Ổ đĩa flash USB2.0 2TB Hp kim loại chống thấm nước 14",
    "oldPrice": "310.000",
    "newPrice": 330,
    "saled": "1,9",
    "origin": "Hà Nội",
    "saleOff": "15"
},
{
    "id": "149",
    "category" :"USB",
    "name": "USB Gỗ khắc laze in logo bảo hành 2 năm",
    "oldPrice": "30.000",
    "newPrice": 30,
    "saled": "1,9",
    "origin": "Hà Nội",
    "saleOff": "15"
},
{
    "id": "150",
    "name": "Micro USB trên máy tính để bàn một hướng để phát trực tiếp",
    "oldPrice": "340.000",
    "newPrice": 300,
    "saled": "1,9",
    "origin": "Hà Nội",
    "saleOff": "15"
}
]